{
	"label": "Proprietà Armi",
	"entries": [
		{
			"id": "Ammunition",
			"name": "Munizioni",
			"description": "<h3>Munizioni</h3>\n<p>Puoi usare un'arma che ha la proprietà delle munizioni per effettuare un attacco a distanza solo se hai delle munizioni da sparare dall'arma. Ogni volta che attacchi con l'arma, spendi un pezzo di munizione. Se usi un'arma che ha la proprietà delle munizioni per effettuare un attacco in mischia, tratti l'arma come un'arma improvvisata.</p>"
		},
		{
			"id": "Auto",
			"name": "Auto",
			"description": "<h3>Auto</h3>\n<p>Le armi automatiche possono sparare solo in modalità a raffica o rapida. Se l'arma ha entrambe le proprietà di raffica e rapida, si sceglie quale modalità utilizzare. Si può usare solo una modalità alla volta.</p>"
		},
		{
			"id": "Autotarget",
			"name": "Autobersaglio",
			"description": "<h3>Autobersaglio/h3>\n<p>Quest'arma ignora il tuo punteggio di Destrezza e il tuo bonus di competenza. Due numeri appaiono tra parentesi con la proprietà: il primo è il punteggio di Destrezza dell'arma e il secondo è il bonus di competenza dell'arma. L'arma utilizza questi valori al posto dei tuoi quando effettui dei tiri per attaccare e infliggere danni con essa. Se non sei esperto dell'arma, l'arma non beneficia del suo bonus di competenza.</p>"
		},
		{
			"id": "Brutal",
			"name": "Brutale",
			"description": "<h3>Brutale</h3>\n<p>Quando ottieni un colpo critico con un'arma con la proprietà brutale, tiri un numero di dadi danno da arma aggiuntivi pari al numero di brutale.</p>"
		},
		{
			"id": "Burst",
			"name": "Raffica",
			"description": "<h3>Raffica</h3>\n<p>Quando effettui un attacco a distanza con un'arma con la proprietà Raffica, puoi invece irrorare di colpi un'area di 10 metri cubi entro la portata, consumando munizioni pari al numero di scoppi. Ogni creatura nell'area deve effettuare un tiro salvezza di Destrezza (DC = 8 + il tuo bonus agli attacchi con l'arma) o subire i normali danni dell'arma. Se l'area bersaglio è oltre la gittata normale ma entro la gittata lunga, i bersagli colpiti hanno vantaggio sul tiro salvezza.</p>"
		},
		{
			"id": "Defensive",
			"name": "Defensivo",
			"description": "<h3>Defensivo</h3>\n<p>Quando effettui il tuo primo attacco del tuo turno con un'arma con la proprietà difensivo, puoi scegliere di subire una penalità all'attacco e ai tiri per i danni con quell'arma fino al numero della difesa. Se lo fai, ottieni lo stesso bonus alla CA. Questi effetti durano fino all'inizio del tuo prossimo turno, finché hai in mano l'arma.</p>"
		},
		{
			"id": "Dexterity",
			"name": "Destrezza",
			"description": "<h3>Destrezza</h3>\n<p>Un'arma con questa proprietà speciale richiede più abilità per essere controllata. Mentre la brandisci, hai uno svantaggio nei tiri di attacco, a meno che tu non soddisfi il requisito di Destrezza.</p>"
		},
		{
			"id": "Dire",
			"name": "Atroce",
			"description": "<h3>Atroce</h3>\n<p>Prima di effettuare un attacco con un'arma con la proprietà dire, puoi scegliere di subire una penalità al tiro per l'attacco fino al numero dire. Se lo fai e colpisci con l'arma, ottieni lo stesso bonus al tiro per i danni.</p>"
		},
		{
			"id": "Disarming",
			"name": "Disarmante",
			"description": "<h3>Disarmante</h3>\n<p>Quando ottieni un colpo critico con un'arma con la proprietà disarmante contro una creatura che sta tenendo un oggetto, puoi tentare di disarmare il bersaglio (nessuna azione richiesta). Se il bersaglio non è più grande di una taglia più grande di te (la tua taglia o più piccola se la tua arma ha la proprietà della luce), deve riuscire in un tiro salvezza di Forza (DC = 8 + il tuo bonus agli attacchi con l'arma) o lascia cadere ai suoi piedi un oggetto di tua scelta.</p>"
		},
		{
			"id": "Disguised",
			"name": "Camuffato",
			"description": "<h3>Camuffato</h3>\n<p>Hai un vantaggio alle prove di Carisma (Inganno) effettuate per nascondere la natura di un'arma camuffata.</p>"
		},
		{
			"id": "Disintegrate",
			"name": "Disintegrare",
			"description": "<h3>Disintegrare</h3>\n<p>Quando una creatura viene ridotta a 0 punti ferita da un'arma con la proprietà disintegrare, deve effettuare un tiro salvezza di Costituzione, con una CD pari al numero di disintegrazione. Se il tiro salvezza viene fallito, muore immediatamente senza effettuare tiri salvezza. Una creatura disintegrata e tutto ciò che non è stato potenziato che indossa o trasporta sono ridotti a un mucchio di fine polvere grigia. Una creatura distrutta in questo modo non può essere rivitalizzata.</p>"
		},
		{
			"id": "Disruptive",
			"name": "Dirompente",
			"description": "<h3>Dirompente</h3>\n<p>Quando una creatura è costretta a effettuare un tiro salvezza di Costituzione per mantenere la concentrazione a causa dei danni subiti da un'arma con la proprietà dirompente, la CD per la verifica è pari a 10 o all'intero danno subito, qualunque sia il numero più alto, invece che alla metà.</p>"
		},
		{
			"id": "Double",
			"name": "Doppio",
			"description": "<h3>Doppio</h3>\n<p>Quest'arma può essere usata con una o due mani. Un valore di danno tra parentesi appare con la proprietà: il danno quando l'arma è usata con il combattimento con doppia arma. Vedi le regole per il combattimento con doppia arma nel capitolo 9.</p>"
		},
		{
			"id": "Finesse",
			"name": "Sottile",
			"description": "<h3>Sottile</h3>\n<p>Quando effettui un attacco con un'arma di finezza, usi un modificatore di Forza o di Destrezza a tua scelta per i tiri di attacco e di danno. Devi usare lo stesso modificatore per entrambi i tiri.</p>"
		},
		{
			"id": "Fixed",
			"name": "Fissato",
			"description": "<h3>Fissato</h3>\n<p>Un'arma con la proprietà fissa non riempie la mano, ma non puoi usare l'arma mentre la mano è piena. Inoltre, hai un bonus di +10 alle prove di abilità e ai tiri salvezza per evitare di essere disarmato da quest'arma.</p>"
		},
		{
			"id": "Heavy",
			"name": "Pesante",
			"description": "<h3>Pesante</h3>\n<p>Quando colpisci con un tiro di attacco usando la Forza con quest'arma, infliggi un danno addizionale pari alla metà del tuo modificatore di Forza (arrotondato per eccesso, minimo +1).</p>"
		},
		{
			"id": "Hidden",
			"name": "Nascosto",
			"description": "<h3>Nascosto</h3>\n<p>Hai un vantaggio alle prove di Destrezza (Sleight of Hand) fatte per nascondere un'arma nascosta.</p>"
		},
		{
			"id": "Keen",
			"name": "Penetrante",
			"description": "<h3>Penetrante</h3>\n<p>Quando effettui un attacco con un'arma con la proprietà keen, la portata del colpo critico aumenta di una quantità pari al numero keen.</p>"
		},
		{
			"id": "Light",
			"name": "Leggero",
			"description": "<h3>Leggero</h3>\n<p>Un'arma leggera è piccola e facile da maneggiare, il che la rende ideale per l'uso in combattimenti A Due Mani o A Due Armi. Vedi le regole per il combattimento A Due Mani e A Due Armi nel Capitolo 9.</p>"
		}
		{
			"id": "Luminous",
			"name": "Luminoso",
			"description": "<h3>Luminoso</h3>\n<p>Un'arma con la proprietà luminosa emette una luce fioca in un raggio di 5 piedi mentre è attivata. Inoltre, le prove di Destrezza (Furtività) effettuate mentre l'arma è attivata hanno svantaggio.</p>"
		},
		{
			"id": "Mighty",
			"name": "Possente",
			"description": "<h3>Possente</h3>\n<p>Quando effettui un attacco con un'arma potente, usi un modificatore di Forza o di Destrezza a tua scelta per i tiri per l'attacco e per i danni. Devi usare lo stesso modificatore per entrambi i tiri.</p>"
		},
		{
			"id": "Neuralizing",
			"name": "Neuralizzante",
			"description": "<h3>Neuralizzante</h3>\n<p>Quando colpisci una creatura con un'arma con la proprietà neuralizzante, puoi costringerla a effettuare un tiro salvezza di Saggezza, con una CD pari al numero di neuralizzazione. Se il tiro salvezza viene fallito, la creatura subisce un ulteriore [[/r 1d4]] danno psichico e diventa spaventata da te fino all'inizio del suo prossimo turno.</p>"
		},
		{
			"id": "Piercing",
			"name": "Perforante",
			"description": "<h3>Perforante</h3>\n<p>Prima di effettuare un attacco con un'arma con la proprietà di perforare, puoi scegliere di subire una penalità al tiro per l'attacco fino al numero di perforazione. Se lo fai, ottieni lo stesso bonus al prossimo tiro di attacco che effettui contro lo stesso bersaglio prima dell'inizio del tuo prossimo turno.</p>"
		},
		{
			"id": "Range",
			"name": "Raggio",
			"description": "<h3>Raggio</h3>\n<p>Un'arma che può essere usata per effettuare un attacco a distanza ha una gittata indicata tra parentesi dopo la proprietà delle munizioni o del lancio. La gittata elenca due numeri. Il primo è la gittata normale dell'arma in piedi e il secondo indica la gittata massima dell'arma. Quando attacchi un bersaglio oltre la gittata normale, hai uno svantaggio nel tiro di attacco. Non puoi attaccare un bersaglio oltre la gittata lunga dell'arma.</p>"
		},
		{
			"id": "Rapid",
			"name": "Rapido",
			"description": "<h3>Rapido</h3>\n<p>Quando effettuei un attacco a distanza con un'arma con la proprietà rapida, puoi invece scaricare su un singolo bersaglio, consumando munizioni pari al numero rapido. Il bersaglio deve effettuare un tiro salvezza di Destrezza (DC = 8 + il tuo bonus agli attacchi con l'arma). Se il tiro salvezza è fallito, tira due volte i dadi dei danni dell'arma e sommali, aggiungendo i relativi modificatori come di consueto. Se il bersaglio si trova al di fuori della portata normale ma entro la portata lunga, ha un vantaggio sul tiro salvezza.</p>"
		},
		{
			"id": "Reach",
			"name": "Estensione",
			"description": "<h3>Estensione</h3>\n<p>Quest'arma aggiunge 5 piedi alla tua portata con essa.</p>"
		},
		{
			"id": "Reload",
			"name": "Ricarica",
			"description": "<h3>Ricarica</h3>\n<p>Un numero limitato di colpi può essere effettuato con un'arma che ha la proprietà di ricarica. Un personaggio deve poi ricaricarla usando un'azione o un'azione bonus (a scelta del personaggio). Si deve avere una mano libera per ricaricare.</p>"
		},
		{
			"id": "Returning",
			"name": "Ritornante",
			"description": "<h3>Ritornante</h3>\n<p>Quando lanci un'arma con la proprietà di ritorno, essa ritorna automaticamente nella tua mano dopo che l'attacco è stato completato, sia che tu abbia colpito o mancato.</p>"
		},
		{
			"id": "Shocking",
			"name": "Scioccante",
			"description": "<h3>Scioccante</h3>\n<p>Quando colpisci una creatura con un'arma con la proprietà scioccante, puoi costringerla a effettuare un tiro salvezza di Destrezza, con una CD pari al numero di shock. Se il tiro salvezza viene fallito, la creatura subisce un ulteriore [[/r 1d4]] danno da fulmine e diventa scioccante fino alla fine del suo prossimo turno.</p>"
		},
		{
			"id": "Silent",
			"name": "Silenzioso",
			"description": "<h3>Silenzioso</h3>\n<p>Quando effettui un attacco a distanza con un'arma con la proprietà silenziosa mentre sei nascosto, essa non rivela automaticamente la tua presenza. Effettua una prova di Destrezza (Furtività) contestata dalla prova di Saggezza (Percezione) dei tuoi bersagli. In caso di successo, rimarrai nascosto.</p>"
		},
		{
			"id": "Sonorous",
			"name": "Sonoro",
			"description": "<h3>Sonoro</h3>\n<p>Quando colpisci una creatura con un'arma con la proprietà sonora, puoi costringerla a effettuare un tiro salvezza di Costituzione, con CD pari al numero di sonorità. Se il tiro salvezza viene fallito, la creatura subisce un ulteriore [[/r 1d4]] danno sonoro e diventa sorda fino alla fine del suo prossimo turno.</p>"
		},
		{
			"id": "Special",
			"name": "Speciale",
			"description": "<h3>Speciale</h3>\n<p>Un'arma con la proprietà speciale ha delle regole insolite che ne regolano l'uso, spiegate nella descrizione dell'arma.</p>"
		},
		{
			"id": "Strength",
			"name": "Forza",
			"description": "<h3>Forza</h3>\n<p>Un'arma con questa proprietà speciale ha un pesante contraccolpo. Mentre la brandisci, avrai uno svantaggio nei tiri per attaccare, a meno che tu non soddisfi il requisito di Forza. Se l'arma ha la proprietà raffica o rapida, devi soddisfare il requisito di Forza per usare questa caratteristica.</p>"
		},
		{
			"id": "Switch",
			"name": "Interruttore",
			"description": "<h3>Interruttore</h3>\n<p>Un'arma con la proprietà switch può infliggere un tipo di danno alternativo. Un valore di danno appare tra parentesi insieme alla proprietà - il danno quando l'arma usa il suo tipo di danno alternativo. Al tuo turno, puoi usare la tua interazione con l'oggetto per cambiare il tipo di danno dell'arma.</p>"
		},
		{
			"id": "Thrown",
			"name": "Lanciabile",
			"description": "<h3>Lanciabile</h3>\n<p>Se un'arma ha la proprietà lanciabile, puoi lanciare l'arma per effettuare un attacco a distanza. Se l'arma è un'arma da mischia, si usa lo stesso modificatore di abilità per quel tiro di attacco e di danno che si userebbe per un attacco in mischia con l'arma.</p>"
		},
		{
			"id": "Two-Handed",
			"name": "A Due Mani",
			"description": "<h3>A Due Mani</h3>\n<p>Quest'arma richiede due mani per essere usata.</p>"
		},
		{
			"id": "Versatile",
			"name": "Versatile",
			"description": "<h3>Versatile</h3>\n<p>Quest'arma può essere usata con una o due mani. Un valore di danno tra parentesi appare con la proprietà - il danno quando l'arma è usata con due mani per fare un attacco in mischia.\t</p>"
		},
		{
			"id": "Vicious",
			"name": "Feroce",
			"description": "<h3>Feroce</h3>\n<p>Ogni volta che infliggi danni con un'arma con la proprietà viziosa e tiri il massimo su un dado dei danni dell'arma, ottieni un bonus ai danni pari al numero di feroce.</p>"
		}
	]
}