{
	"label": "Armi Leggere",
	"entries": [
		{
			"id": "Buster saber",
			"name": "Sciabola laser",
			"description": "<h3>Destrezza 19</h3>\n<p>Un'arma con questa proprietà speciale richiede più abilità per essere controllata. Mentre la impugni, hai uno svantaggio nei tiri di attacco, a meno che tu non soddisfi il requisito di Destrezza. </p>n<h3>Pesante</h3><p>Quando colpisci con un tiro di attacco usando la Forza con quest'arma, infliggi un danno aggiuntivo pari alla metà del tuo modificatore di Forza (arrotondato per eccesso, minimo +1). </p>n<h3>Penetrante 1</h3><p>Quando effettui un attacco con un'arma con la proprietà keen, la distanza del colpo critico aumenta di una quantità pari al numero di penetrazione.</p>n<h3>Luminoso</h3><p>Un'arma con la proprietà luminoso diffonde una luce fioca in un raggio di 5 piedi mentre è attivata. Inoltre, le prove di Destrezza (Furtività) effettuate mentre l'arma è attivata sono in svantaggio.</p> <h3>Raggio</h3> <p>Quest'arma aggiunge 5 piedi al tuo raggio d'azione.</p> <h3>Armi a Due Mani</h3> <p>Quest'arma richiede due mani per essere usata. </p>n<h3>Feroce 1</h3><p>Ogni volta che infliggi danni con un'arma con la proprietà vicious e tiri il massimo su un dado per il danno da arma, ottieni un bonus ai danni pari al numero di ferocità.</p>"
		},
		{
			"id": "Canesaber",
			"name": "Bastone laser",
			"description": "<h3>Camuffato</h3>\n<p>Hai un vantaggio alle prove di Carisma (Inganno) per nascondere la natura di un'arma camuffata.</p>\n<h3>Finesse</h3>\n<p>Quando effettui un attacco con un'arma finesse, usi un modificatore di Forza o di Destrezza a tua scelta per i tiri di attacco e di danno. Devi usare lo stesso modificatore per entrambi i tiri.</p>\n<h3>Luminoso</h3>\n<p>Un'arma con la proprietà luminosa emette una luce fioca in un raggio di 5 piedi mentre è attivata. Inoltre, le prove di Destrezza (Furtività) effettuate mentre l'arma è attivata hanno svantaggio.</p>"
		},
		{
			"id": "Chained lightdagger",
			"name": "Pugnale leggero incatenato",
			"description": "<h3>Disarmante</h3>\n<p>Quando ottieni un colpo critico con un'arma con la proprietà di disarmante contro una creatura che sta tenendo un oggetto, puoi tentare di disarmare il bersaglio (nessuna azione richiesta). Se il bersaglio non è più grande di una taglia più grande di te (la tua taglia o più piccola se la tua arma ha la proprietà della leggerezza), deve riuscire in un tiro salvezza di Forza (DC = 8 + il tuo bonus agli attacchi con l'arma) o far cadere un oggetto di tua scelta ai suoi piedi.</p>\n<h3>Sottile</h3>\n<p>Quando effettui un attacco con un'arma finesse, usi il tuo modificatore di Forza o Destrezza a tua scelta per i tiri per l'attacco e per i danni. Devi usare lo stesso modificatore per entrambi i tiri.</p>\n<h3>Luminoso</h3>\n<p>Un'arma con la proprietà luminosa emette una luce fioca in un raggio di 5 piedi mentre è attivata. Inoltre, le prove di Destrezza (Furtività) effettuate mentre l'arma è attivata sono in svantaggio.</p>\n<h3>Raggio</h3>\n<p>Quest'arma aggiunge 5 piedi al tuo raggio d'azione.</p>\n<h3>Mano a due mani</h3>\n<p>Quest'arma richiede due mani per essere usata.</p>"
		},
		{
			"id": "Claymore saber",
			"name": "Claymore laser",
			"description": "<h3>Destrezza 13</h3>\n<p>Un'arma con questa proprietà speciale richiede più abilità per essere controllata. Mentre la impugni, hai uno svantaggio nei tiri per attaccare, a meno che tu non soddisfi il requisito di Destrezza. </p>\n<h3>Luminoso</h3>\n<p>Un'arma con la proprietà luminosa emette una luce fioca nel raggio di un metro e mezzo quando è attivata. Inoltre, le prove di Destrezza (Furtività) effettuate mentre l'arma è attivata hanno svantaggio.</p>\n<h3>A Due Mani</h3>\n<p>Questa arma richiede due mani per essere usata.</p>"
		},
		{
			"id": "Cross-saber",
			"name": "Croce laser",
			"description": "<h3>Destrezza 15</h3>\n<p>Un'arma con questa proprietà speciale richiede più abilità per essere controllata. Mentre la maneggi, hai uno svantaggio nei tiri di attacco a meno che tu non soddisfi il requisito di Destrezza. </p>\n<h3>Doppio ([[/r 2d4]] energia)</h3>\n<p>Questa arma può essere usata con una o due mani. Un valore di danno tra parentesi appare con la proprietà: il danno quando l'arma è usata con il combattimento a doppia arma. Vedi le regole per il combattimento con armi doppie nel capitolo 9.</p>\n<h3>Pesante</h3>\n<p>Quando colpisci con un tiro di attacco usando la Forza con quest'arma, infliggi un danno aggiuntivo pari alla metà del tuo modificatore di Forza (arrotondato per eccesso, minimo +1).</p>\n<h3>Luminoso</h3>\n<p>Un'arma con la proprietà luminosa diffonde una luce fioca in un raggio di 5 piedi mentre è attiva. Inoltre, le prove di Destrezza (Furtività) effettuate mentre l'arma è attivata hanno svantaggio.</p>\n<h3>Raggio</h3>\n<p>Quest'arma aggiunge 5 piedi al tuo raggio d'azione.</p>\n<h3>Mano a due mani</h3>\n<p>Quest'arma richiede due mani per essere usata.</p>"
		},
		{
			"id": "Crossguard saber",
			"name": "Spada laser bastarda",
			"description": "<h3>Difensivo 1</h3>\n<p>Quando effettui il tuo primo attacco del tuo turno con un'arma con la proprietà difensiva, puoi scegliere di subire una penalità all'attacco e ai tiri per i danni con quell'arma fino al numero della difesa. Se lo fai, ottieni lo stesso bonus alla CA. Questi effetti durano fino all'inizio del tuo prossimo turno, finché hai in mano l'arma.</p>\n<h3>Destrezza 13</h3>\n<p>Un'arma con questa proprietà speciale richiede più abilità per essere controllata. Mentre la impugni, hai uno svantaggio nei tiri di attacco a meno che tu non soddisfi il requisito di Destrezza. </p>\n<h3>Pesante</h3>\n<p>Quando colpisci con quest'arma con un tiro d'attacco usando la Forza, infliggi un danno aggiuntivo pari alla metà del tuo modificatore di Forza (arrotondato per eccesso, minimo +1).</p>\n<h3>Luminoso</h3><p>Un'arma con la proprietà luminosa emette una luce fioca in un raggio di 5 piedi mentre è attivata. Inoltre, le prove di Destrezza (Furtività) effettuate mentre l'arma è attivata hanno svantaggio.</p>\n<h3>Versatile ([[/r 1d10]])</h3>\n<p>Questa arma può essere usata con una o due mani. Un valore di danno tra parentesi appare con la proprietà: il danno quando l'arma viene usata con due mani per effettuare un attacco in mischia.\t</p>"
		},
		{
			"id": "Doublesaber",
			"name": "Spada laser a doppia lama",
			"description": "<h3>Doppio ([[/r 1d8]] energia)</h3>\n<p>Quest'arma può essere usata con una o due mani. Un valore di danno tra parentesi appare con la proprietà: il danno quando l'arma è usata con il combattimento con doppia arma. Vedi le regole per il combattimento con armi doppie nel capitolo 9.</p>\n<h3>Sottile</h3>\n<p>Quando effettui un attacco con un'arma finesse, usi un modificatore di Forza o Destrezza a tua scelta per i tiri di attacco e di danno. Devi usare lo stesso modificatore per entrambi i tiri.</p>\n<h3>Luminoso</h3>\n<p>Un'arma con la proprietà luminosa emette una luce fioca in un raggio di 5 piedi mentre è attivata. Inoltre, le prove di Destrezza (Furtività) effettuate mentre l'arma è attivata hanno svantaggio.</p>"
		},
		{
			"id": "Doubleshoto",
			"name": "Spada laser corta",
			"description": "<h3>Doppio ([[/r 1d6]] energia)</h3>\n<p>Quest'arma può essere usata con una o due mani. Un valore di danno tra parentesi appare con la proprietà: il danno quando l'arma è usata con il combattimento con doppia arma. Vedi le regole per il combattimento con armi doppie nel capitolo 9.</p>\n<h3>Sottile</h3>\n<p>Quando effettui un attacco con un'arma finesse, usi un modificatore di Forza o Destrezza a tua scelta per l'attacco e i tiri per i danni. Devi usare lo stesso modificatore per entrambi i tiri.</p>\n<h3>Leggera</h3>\n<p>Un'arma leggera è piccola e facile da maneggiare, il che la rende ideale per il combattimento a due o a due armi. Vedi le regole per il combattimento A Due Mani e A Due Armi nel Capitolo 9.</p>\n<h3>Luminoso</h3\n<p>Un'arma con la proprietà luminosa emette una luce fioca in un raggio di 5 piedi mentre è attivata. Inoltre, le prove di Destrezza (Furtività) effettuate mentre l'arma è attivata hanno svantaggio.</p>"
		},
		{
			"id": "Dual-phase saber",
			"name": "Spada laser bifase",
			"description": "<h3>Destrezza 11</h3>\n<p>Un'arma con questa proprietà speciale richiede più abilità per essere controllata. Mentre la impugni, hai uno svantaggio nei tiri di attacco, a meno che tu non soddisfi il requisito di Destrezza. </p>\n<h3>Penetrante 1</h3>\n<p>Quando effettui un attacco con un'arma con la proprietà keen, la distanza del colpo critico aumenta di una quantità pari al numero di penetrazione. </p>\n<h3>Luminoso</h3>\n<p>Un'arma con la proprietà luminoso emette una luce fioca in un raggio di 5 piedi mentre è attiva. Inoltre, le prove di Destrezza (Furtività) effettuate mentre l'arma è attivata hanno svantaggio.</p>\n<h3>Versatile ([[/r 1d10]])</h3> <p>Questa arma può essere usata con una o due mani. Un valore di danno tra parentesi appare con la proprietà: il danno quando l'arma viene usata con due mani per effettuare un attacco in mischia.\t</p>"
		},
		{
			"id": "Greatsaber",
			"name": "Spadone laser",
			"description": "<h3>Destrezza 11</h3>\n<p>Un'arma con questa proprietà speciale richiede più abilità per essere controllata. Mentre la impugni, hai uno svantaggio nei tiri di attacco, a meno che tu non soddisfi il requisito di Destrezza.</p>\n<h3>Luminoso</h3>\n<p>Un'arma con la proprietà luminosa emette una luce fioca nel raggio di un metro e mezzo quando è attivata. Inoltre, le prove di Destrezza (Furtività) effettuate mentre l'arma è attivata hanno svantaggio.</p>\n<h3>A Due mani</h3>\n<p>Questa arma richiede due mani per essere usata.</p>"
		},
		{
			"id": "Guard shoto",
			"name": "Shoto Difensivo",
			"description": "<h3>Difensivo 1</h3>\n<p>Quando effettui il tuo primo attacco del tuo turno con un'arma con la proprietà difensiva, puoi scegliere di subire una penalità all'attacco e ai tiri per i danni con quell'arma fino al numero della difesa. Se lo fai, ottieni lo stesso bonus alla CA. Questi effetti durano fino all'inizio del tuo prossimo turno, finché hai in mano l'arma.</p>\n<h3>Sottile</h3>\n<p>Quando effettui un attacco con un'arma finesse, usi un modificatore di Forza o Destrezza a tua scelta per l'attacco e i tiri salvezza. Devi usare lo stesso modificatore per entrambi i tiri.</p>\n<h3>Leggera</h3>\n<p>Un'arma leggera è piccola e facile da maneggiare, il che la rende ideale per il combattimento a due o a due armi. Vedi le regole per il combattimento a due e a due armi nel Capitolo 9.</p>\n<h3>Luminoso</h3>\n<p>Un'arma con la proprietà luminosa emette una luce fioca in un raggio di 5 piedi mentre è attivata. Inoltre, le prove di Destrezza (Furtività) effettuate mentre l'arma è attivata hanno svantaggio.</p>"
		},
		{
			"id": "Light ring",
			"name": "Anello di luce",
			"description": "<h3>Sottile</h3>\n<p>Quando effettui un attacco con un'arma di proprietà sottile, usi un modificatore di Forza o di Destrezza a tua scelta per l'attacco e i tiri per i danni. Devi usare lo stesso modificatore per entrambi i tiri.</p>\n<h3>Nascosto</h3>\n<p>Sei avvantaggiato alle prove di Destrezza (Rapidità di Mano) per nascondere un'arma nascosta.</p>\n<h3>Luminoso</h3>\n<p>Un'arma con la proprietà luminosa emette una luce fioca in un raggio di 5 piedi mentre è attiva. Inoltre, le prove di Destrezza (Furtività) effettuate mentre l'arma è attivata hanno svantaggio.</p>\n<h3>Ritorno </h3>\n<p>Quando lanci un'arma con la proprietà di ritorno, essa ritorna automaticamente nella tua mano dopo che l'attacco è stato completato, sia che tu colpisca o che tu manchi. </p>\n<h3>Lanciabile (portata 30/90)</h3>\n<p>Un'arma che può essere usata per effettuare un attacco a distanza ha una portata indicata tra parentesi dopo la proprietà delle munizioni o del lancio. La gittata elenca due numeri. Il primo è la gittata normale dell'arma in piedi e il secondo indica la gittata massima dell'arma. Quando attacchi un bersaglio oltre la gittata normale, hai uno svantaggio nel tiro di attacco. Non puoi attaccare un bersaglio oltre la gittata lunga dell'arma.</p>"
		},
		{
			"id": "Lightaxe",
			"name": "Ascia di luce",
			"description": "<h3>Pesante</h3>\n<p>Quando colpisci con un tiro di attacco usando la Forza con quest'arma, infliggi un danno aggiuntivo pari alla metà del tuo modificatore di Forza (arrotondato per eccesso, minimo +1).</p>\n<h3>Luminoso</h3>\n<p>Un'arma con la proprietà luminosa emette una luce fioca in un raggio di 5 piedi mentre è attivata. Inoltre, le prove di Destrezza (Furtività) effettuate mentre l'arma è attivata hanno svantaggio.</p>\n<h3>Due mani</h3>\n<p>Questa arma richiede due mani per essere usata.</p>"
		},
		{
			"id": "Lightclub",
			"name": "Randello di luce",
			"description": "<h3>Luminoso</h3>\n<p>Un'arma con la proprietà luminosa emette una luce fioca in un raggio di 5 piedi mentre è attivata. Inoltre, le prove di Destrezza (Furtività) effettuate mentre l'arma è attivata hanno svantaggio.</p>\n<h3>Due mani</h3>\n<p>Questa arma richiede due mani per essere usata.</p>"
		},
		{
			"id": "Lightdagger",
			"name": "Pugnale laser",
			"description": "<h3>Sottile</h3>\n<p>Quando effettui un attacco con un'arma di finezza, usi un modificatore di Forza o di Destrezza a tua scelta per l'attacco e i tiri per i danni. Devi usare lo stesso modificatore per entrambi i tiri.</p>\n<h3>Nascosto</h3>\n<p>Sei avvantaggiato nelle prove di Destrezza (Rapidità di Mano) per nascondere un'arma nascosta.</p>\n<h3>Leggero</h3>\n<p>Un'arma leggera è piccola e facile da maneggiare, il che la rende ideale per essere usata in un combattimento a due o a due armi. Vedi le regole per il combattimento a due e a due armi nel capitolo 9.</p>\n<h3>Luminoso</h3\n<p>Un'arma con la proprietà luminosa emette una luce fioca in un raggio di 5 piedi mentre è attivata. Inoltre, le prove di Destrezza (Furtività) effettuate mentre l'arma è attivata sono in svantaggio.</p>\n<h3>Lanciabile (portata 20/60)</h3>\n<p>Un'arma che può essere usata per effettuare un attacco a distanza ha una portata indicata tra parentesi dopo la proprietà delle munizioni o del lancio. La gittata elenca due numeri. Il primo è la gittata normale dell'arma in piedi e il secondo indica la gittata massima dell'arma. Quando attacchi un bersaglio oltre la gittata normale, hai uno svantaggio nel tiro di attacco. Non puoi attaccare un bersaglio oltre la gittata lunga dell'arma.</p>"
		},
		{
			"id": "Lightfist",
			"name": "Pugno laser",
			"description": "<h3>Dirompente</h3>\n<p>Quando una creatura è costretta a effettuare un tiro salvezza di Costituzione per mantenere la concentrazione a causa dei danni subiti da un'arma con la proprietà dirompente, la CD per la verifica è pari a 10 o all'intero danno subito, qualunque sia il numero più alto, invece che alla metà. </p>\n<h3>Travestito</h3>\n<p>Sei avvantaggiato alle prove di Carisma (Inganno) per nascondere la natura di un'arma mascherata.</p>\n<h3>Fisso</h3>\n<p>Un'arma con la proprietà fisso non riempie la mano, ma non puoi usare l'arma mentre la mano è piena. Inoltre, hai un bonus di +10 alle prove di abilità e ai tiri salvezza per evitare di essere disarmato con quest'arma.</p> <h3>Leggera</h3>\n<p>Un'arma leggera è piccola e facile da maneggiare, il che la rende ideale per essere utilizzata in un combattimento a due o a due armi. Vedi le regole per il combattimento a due e a due armi nel capitolo 9.</p>\n<h3>Luminoso</h3\n<p>Un'arma con la proprietà luminosa emette una luce fioca in un raggio di 5 piedi mentre è attivata. Inoltre, le prove di Destrezza (Furtività) effettuate mentre l'arma è attivata hanno svantaggio.</p>"
		},
		{
			"id": "Lightfoil",
			"name": "Stocco laser",
			"description": "<h3>Sottile</h3>\n<p>Quando effettui un attacco con un'arma con la proprietà sottile, usi un modificatore di Forza o di Destrezza a tua scelta per l'attacco e i tiri per i danni. Devi usare lo stesso modificatore per entrambi i tiri.</p>\n<h3>Nascosto</h3>\n<p>Sei avvantaggiato alle prove di Destrezza (Rapidità di Mano) per nascondere un'arma nascosta.</p>\n<h3>Luminoso</h3>\n<p>Un'arma con la proprietà luminosa emette una luce fioca in un raggio di 5 piedi mentre è attiva.  Inoltre, le prove di Destrezza (Furtività) effettuate mentre l'arma è attivata hanno svantaggio.</p>"
		},
		{
			"id": "Lightglaive",
			"name": "Falcione laser",
			"description": "<h3>Destrezza 13</h3>\n<p>Un'arma con questa proprietà speciale richiede più abilità per essere controllata. Mentre la impugni, hai uno svantaggio nei tiri per attaccare, a meno che tu non soddisfi il requisito di Destrezza. </p>\n<h3>Luminous</h3>\n<p>Un'arma con la proprietà luminosa emette una luce fioca in un raggio di 5 piedi mentre è attivata. Inoltre, le prove di Destrezza (Furtività) effettuate mentre l'arma è attivata hanno svantaggio.</p>\n<h3>Estensione</h3>\n<p>Quest'arma aggiunge 5 piedi alla tua portata con essa</p>\n<h3>A Due Mani</h3>\n<p>Questa arma richiede due mani per essere usata.</p>"
		},
		{
			"id": "Lightsaber",
			"name": "Spada laser",
			"description": "<h3>Nascosto</h3>\n<p>Hai un vantaggio alle prove di Destrezza (Abilità) per nascondere un'arma nascosta.</p>\n<h3>Luminoso</h3>\n<p>Un'arma con la proprietà luminosa emette una luce fioca in un raggio di 5 piedi mentre è attivata. Inoltre, le prove di Destrezza (Furtività) fatte mentre l'arma è attivata hanno svantaggio.</p>\n<h3>Versatile ([[/r 1d8]])</h3>\n<p>Questa arma può essere usata con una o due mani. Un valore di danno tra parentesi appare con la proprietà: il danno quando l'arma viene usata con due mani per effettuare un attacco in mischia.\t</p>"
		},
		{
			"id": "Lightsaber pike",
			"name": "Picca laser",
			"description": "<h3>Destrezza 11</h3>\n<p>Un'arma con questa proprietà speciale richiede più abilità per essere controllata. Mentre la impugni, hai uno svantaggio nei tiri per attaccare, a meno che tu non soddisfi il requisito di Destrezza. </p>\n<h3>Luminoso</h3>\n<p>Un'arma con la proprietà luminosa emette una luce fioca nel raggio di un metro e mezzo quando è attivata. Inoltre, le prove di Destrezza (Furtività) effettuate mentre l'arma è attivata subiscono uno svantaggio.</p>\n<h3>Raggio</h3>\n<p>Quest'arma aggiunge un raggio d'azione di 1,5 metri.</p>\n<h3>A Due Mani</h3>\n<p>Quest'arma richiede due mani per essere usata.</p>"
		},
		{
			"id": "Martial lightsaber",
			"name": "Spada laser marziale",
			"description": "<h3>Nascosto</h3>\n<p>Hai un vantaggio alle prove di Destrezza (Abilità) per nascondere un'arma nascosta.</p>\n<h3>Luminoso</h3>\n<p>Un'arma con la proprietà luminosa emette una luce fioca in un raggio di 5 piedi mentre è attivata. Inoltre, le prove di Destrezza (Furtività) effettuate mentre l'arma è attivata hanno svantaggio.</p>\n<h3>Versatile ([[/r 1d10]])</h3>\n<p>Questa arma può essere usata con una o due mani. Un valore di danno tra parentesi appare con la proprietà: il danno quando l'arma viene usata con due mani per effettuare un attacco in mischia.\t</p>"
		},
		{
			"id": "Retrosaber",
			"name": "Spada laser retro",
			"description": "<h3>Perforante 1</h3>\n<p>Quando effettui un attacco con un'arma con la proprietà perforante, la distanza del colpo critico aumenta di una quantità pari al numero di keen.</p>\n<h3>Luminoso</h3>\n<p>Un'arma con la proprietà luminoso emette una luce fioca in un raggio di 5 piedi mentre è attivata. Inoltre, le prove di Destrezza (Furtività) effettuate mentre l'arma è attivata hanno svantaggio.</p>\n<h3>Feroce 1</h3>\n<p>Ogni volta che si infligge danno con un'arma con la proprietà feroce e si tira il massimo sul dado del danno dell'arma, si ottiene un bonus ai danni pari al numero feroce.</p>\n<h3>Speciale</h3>\n<p>La spada laser retro è un antico tipo di arma luminosa che richiede una cella di energia per funzionare. Dopo aver effettuato quattro attacchi con una spada laser retro, un personaggio deve sostituire la cellula energetica usando un'azione o un'azione bonus (a scelta del personaggio). È necessario avere una mano libera per sostituire la cella energetica.</p>"
		},
		{
			"id": "Saber gauntlet",
			"name": "Guantone laser",
			"description": "<h3>Sottile</h3>\n<p>Quando si effettua un attacco con un'arma fine, si usa un modificatore di Forza o di Destrezza a scelta per i tiri di attacco e di danno. Devi usare lo stesso modificatore per entrambi i tiri.</p>\n<h3>Fisso</h3>\n<p>Un'arma con la proprietà fissa non riempie la mano, ma non puoi usare l'arma mentre la mano è piena. Inoltre, hai un bonus di +10 alle prove di abilità e ai tiri salvezza per evitare di essere disarmato con quest'arma.</p>\n<h3>Luminoso</h3>\n<p>Un'arma con la proprietà luminosa diffonde una luce fioca in un raggio di 5 piedi mentre è attivata. Inoltre, le prove di Destrezza (Furtività) effettuate mentre l'arma è attivata hanno svantaggio.</p>"
		},
		{
			"id": "Saberaxe",
			"name": "Ascia laser",
			"description": "Brutale 1"
		},
		{
			"id": "Saberspear",
			"name": "Lancia laser",
			"description": "<h3>Luminoso</h3>\n<p>Un'arma con la proprietà luminosa emette una luce fioca in un raggio di 5 piedi mentre è attivata. Inoltre, le prove di Destrezza (Furtività) effettuate mentre l'arma è attivata hanno svantaggio.</p>"
		},
		{
			"id": "Saberwhip",
			"name": "Frustra laser",
			"description": "<h3>Sottile</h3>\n<p>Quando effettui un attacco con un'arma di finezza, usi un modificatore di Forza o di Destrezza a tua scelta per l'attacco e i tiri per i danni. Devi usare lo stesso modificatore per entrambi i tiri.</p>\n<h3>Nascosto</h3>\n<p>Sei avvantaggiato alle prove di Destrezza (Rapidità di Mano) per nascondere un'arma con la proprietà nascosto. nascosta.</p>\n<h3>Luminoso</h3>\n<p>Un'arma con la proprietà luminosa emette una luce fioca in un raggio di 5 piedi mentre è attiva. Inoltre, le prove di Destrezza (Furtività) effettuate mentre l'arma è attivata hanno svantaggio.</p>\n<h3>Estensione</h3>\n<p>Quest'arma aggiunge 5 piedi al tuo raggio d'azione.</p>"
		},
		{
			"id": "Shotosaber",
			"name": "Spada shoto",
			"description": "<h3>Sottile</h3>\n<p>Quando effettui un attacco con un'arma di finezza, usi un modificatore di Forza o di Destrezza a tua scelta per l'attacco e i tiri per i danni. Devi usare lo stesso modificatore per entrambi i tiri.</p>\n<h3>Nascosto</h3>\n<p>Sei avvantaggiato nelle prove di Destrezza (Rapidità di Mano) per nascondere un'arma nascosta.</p>\n<h3>Leggero</h3>\n<p>Un'arma leggera è piccola e facile da maneggiare, il che la rende ideale per essere usata in un combattimento a due o a due armi. Vedi le regole per il combattimento A Due Mani e a A Due Armi nel capitolo 9.</p>\n<h3>Luminoso</h3>\n<p>Un'arma con la proprietà luminosa emette una luce fioca in un raggio di 5 piedi mentre è attivata. Inoltre, le prove di Destrezza (Furtività) effettuate mentre l'arma è attivata hanno svantaggio.</p>"
		},
		{
			"id": "Sith saber",
			"name": "Spada laser sith",
			"description": "<h3>Destrezza 11</h3>\n<p>Un'arma con questa proprietà speciale richiede più abilità per essere controllata. Mentre la impugni, hai uno svantaggio nei tiri per attaccare, a meno che tu non soddisfi il requisito di Destrezza. </p>n<h3>Nascosto</h3><p>Sei avvantaggiato nelle prove di Destrezza (Rapidità di Mano) per nascondere un'arma nascosta. </p>\n<h3>Perforante 1</h3>\n<p>Quando effettui un attacco con un'arma con la proprietà perforante, la distanza del colpo critico aumenta di una quantità pari al numero di perforante.</p>\n<h3>Luminoso</h3>\n<p>Un'arma con la proprietà luminoso emette una luce fioca in un raggio di 5 piedi mentre è attivata. Inoltre, le prove di Destrezza (Furtività) effettuate mentre l'arma è attivata hanno svantaggio.</p>\n<h3>Versatile ([[/r 1d10]])</h3>\n<p>Questa arma può essere usata con una o due mani. Un valore di danno tra parentesi appare con la proprietà: il danno quando l'arma viene usata con due mani per effettuare un attacco in mischia.\t</p>"
		},
		{
			"id": "Wristsaber",
			"name": "Lama laser",
			"description": "<h3>Sottile</h3>\n<p>Quando si effettua un attacco con un'arma con la proprietà sottile, si usa un modificatore di Forza o di Destrezza a scelta per i tiri di attacco e di danno. Devi usare lo stesso modificatore per entrambi i tiri.</p>\n<h3>Fisso</h3>\n<p>Un'arma con la proprietà fissa non riempie la mano, ma non puoi usare l'arma mentre la mano è piena. Inoltre, hai un bonus di +10 alle prove di abilità e ai tiri salvezza per evitare di essere disarmato con quest'arma.</p>\n<h3>Leggero</h3>\n<p>Un'arma leggera è piccola e facile da maneggiare, il che la rende ideale per essere utilizzata in un combattimento A Due Mani o A Due Armi. Vedi le regole per il combattimento A Due Mani e A Due Armi nel Capitolo 9.</p>n<h3>Luminoso</h3><p>Un'arma con la proprietà luminosa emette una luce fioca in un raggio di 5 piedi mentre è attivata. Inoltre, le prove di Destrezza (Furtività) effettuate mentre l'arma è attivata hanno svantaggio.</p>"
		}
	]
}