{
	"label": "Background",
	"entries": [
		{
			"id": "(Un)Retired Adventurer",
			"name": "Avventuriero (Non)Ritirato"
		},
		{
			"id": "Addict",
			"name": "Tossicomane"
		},
		{
			"id": "Agent",
			"name": "Agente"
		},
		{
			"id": "Barbarian",
			"name": "Barbaro"
		},
		{
			"id": "Bounty Hunter",
			"name": "Cacciatore di Taglie"
		},
		{
			"id": "City Watch",
			"name": "Vigilante"
		},
		{
			"id": "Clone",
			"name": "Clone"
		},
		{
			"id": "Clone Trooper",
			"name": "Clone Trooper"
		},
		{
			"id": "Companion",
			"name": "Compagno"
		},
		{
			"id": "Courtier",
			"name": "Cortigiano"
		},
		{
			"id": "Crime Lord",
			"name": "Signore del Crimine"
		},
		{
			"id": "Criminal",
			"name": "Criminale"
		},
		{
			"id": "Dathomir Witch",
			"name": "Strega di Dathomir"
		},
		{
			"id": "Entertainer",
			"name": "Intrattenitore"
		},
		{
			"id": "Faction Adventurer",
			"name": "Avventuriero di Fazione"
		},
		{
			"id": "Faction Artisan",
			"name": "Artigiano di Fazione"
		},
		{
			"id": "Faction Merchant",
			"name": "Mercante di Fazione"
		},
		{
			"id": "Far Traveler",
			"name": "Lontano Viaggiatore"
		},
		{
			"id": "Farmer",
			"name": "Contadino"
		},
		{
			"id": "Folk Hero",
			"name": "Eroe Popolare"
		},
		{
			"id": "Force Adept",
			"name": "Adepto della Forza"
		},
		{
			"id": "Gambler",
			"name": "Giocatore d'Azzardo"
		},
		{
			"id": "Gladiator",
			"name": "Gladiatore"
		},
		{
			"id": "Hermit",
			"name": "Eremita"
		},
		{
			"id": "Holonet Technician",
			"name": "Tecnico Olonet"
		},
		{
			"id": "Imperial Knight",
			"name": "Cavaliere Imperiale"
		},
		{
			"id": "Investigator",
			"name": "Investigatore"
		},
		{
			"id": "Jedi",
			"name": "Jedi"
		},
		{
			"id": "Jensaarai",
			"name": "Jensaarai"
		},
		{
			"id": "Laborer",
			"name": "Bracciante"
		},
		{
			"id": "Lawyer",
			"name": "Avvocato"
		},
		{
			"id": "Mandalorian",
			"name": "Mandaloriano"
		},
		{
			"id": "Mercenary",
			"name": "Mercenario"
		},
		{
			"id": "Noble",
			"name": "Nobile"
		},
		{
			"id": "Nomad",
			"name": "Nomade"
		},
		{
			"id": "Office Worker",
			"name": "Lavoratore d'Ufficio"
		},
		{
			"id": "Outlaw",
			"name": "Fuorilegge"
		},
		{
			"id": "Pirate",
			"name": "Pirata"
		},
		{
			"id": "Racer",
			"name": "Gareggiante"
		},
		{
			"id": "Scavenger",
			"name": "Trovatore d'Oggetti"
		},
		{
			"id": "Scientist",
			"name": "Scienziato"
		},
		{
			"id": "Scoundrel",
			"name": "Furfante"
		},
		{
			"id": "Servant",
			"name": "Servo"
		},
		{
			"id": "Sith",
			"name": "Sith"
		},
		{
			"id": "Smuggler",
			"name": "Contrabbandiere"
		},
		{
			"id": "Soldier",
			"name": "Soldato"
		},
		{
			"id": "Spacer",
			"name": "Distanziatore"
		},
		{
			"id": "Student",
			"name": "Studente"
		},
		{
			"id": "Teacher",
			"name": "Insegnante"
		},
		{
			"id": "Urchin",
			"name": "Delinquente"
		}
	]
}